category,question,content_chunk,keywords,source_url,source_type
Company & Contact,Where is Mfano Bora Africa located?,Mfano Bora Africa is located at Mfano House, Ole Sein Rd, Nairobi.,location;address;nairobi;office,https://www.mfanoboraafrica.com/contact,faq
Company & Contact,What are your business hours?,"Our business hours are Monday-Friday: 7:00 AM - 5:00 PM, and Saturday: 8:00 AM - 1:00 PM.",hours;opening times;schedule,https://www.mfanoboraafrica.com/contact,faq
Company & Contact,How can I contact Mfano Bora Africa?,You can reach us by email at info@mfanoboraafrica.com or by visiting Mfano House on Ole Sein Rd, Nairobi during business hours.,contact;email;support,https://www.mfanoboraafrica.com/contact,faq
Services,What services does Mfano Bora Africa provide?,Mfano Bora Africa provides logistics and integrated supply chain management consultancy services.,logistics;supply chain;consultancy,https://www.mfanoboraafrica.com/services,faq
Awards & Achievements,What awards has Mfano Bora Africa been involved with?,Mfano Bora Africa is associated with the East Africa Transport, Logistics & Road Safety Awards, a recognition programme now in its 24th year.,awards;east africa transport;road safety awards,https://www.mfanoboraafrica.com/awards,faq
Road Safety Club,What is the Road Safety Club Kenya?,The Road Safety Club Kenya is a community initiative under Mfano Bora Africa promoting national road safety awareness and school campaigns.,road safety club;community;campaigns,https://www.mfanoboraafrica.com/road-safety-club,faq
Careers & Attachments,How do I apply for an industrial attachment?,"You can apply for an industrial attachment (ICT, logistics, or administrative) through our careers/attachment portal.",attachment;internship;careers;apply,https://www.mfanoboraafrica.com/attachment#career-form,faq
Careers & Attachments,Does Mfano Bora Africa offer internships or mentoring?,"Yes, Mfano Bora Africa offers internship placements, mentoring and computer software package training linked directly to the application portal.",internship;mentoring;training,https://www.mfanoboraafrica.com/attachment,faq
General FAQ,What should I do if the chatbot cannot answer my question?,"If the chatbot cannot find an exact answer, please contact our team via email at info@mfanoboraafrica.com or visit Mfano House, Monday-Friday, 7 AM-5 PM.",fallback;contact;support,https://www.mfanoboraafrica.com/contact,faq
