intent,question,response
Greetings,Hello,Hello! Welcome to MFANO BORA AFRICA LIMITED. What would you like to know or find today?
Greetings,Hi,Hello! Welcome to MFANO BORA AFRICA LIMITED. What would you like to know or find today?
Greetings,Hey,Hello! Welcome to MFANO BORA AFRICA LIMITED. What would you like to know or find today?
Greetings,Good morning,Hello! Welcome to MFANO BORA AFRICA LIMITED. What would you like to know or find today?
Greetings,Good afternoon,Hello! Welcome to MFANO BORA AFRICA LIMITED. What would you like to know or find today?
Greetings,Good evening,Hello! Welcome to MFANO BORA AFRICA LIMITED. What would you like to know or find today?
Greetings,Hello chatbot,Hello! Welcome to MFANO BORA AFRICA LIMITED. What would you like to know or find today?
Greetings,Hi there,Hello! Welcome to MFANO BORA AFRICA LIMITED. What would you like to know or find today?
Greetings,Is anyone there?,Hello! Welcome to MFANO BORA AFRICA LIMITED. What would you like to know or find today?
Greetings,Can you help me?,Hello! Welcome to MFANO BORA AFRICA LIMITED. What would you like to know or find today?
Greetings,"Hello, I need some help",Hello! Welcome to MFANO BORA AFRICA LIMITED. What would you like to know or find today?
Greetings,Hey there,Hello! Welcome to MFANO BORA AFRICA LIMITED. What would you like to know or find today?
Greetings,Greetingss,Hello! Welcome to MFANO BORA AFRICA LIMITED. What would you like to know or find today?
Greetings,"Hi, are you available?",Hello! Welcome to MFANO BORA AFRICA LIMITED. What would you like to know or find today?
Greetings,Good day,Hello! Welcome to MFANO BORA AFRICA LIMITED. What would you like to know or find today?
Greetings,"Hello, can we talk?",Hello! Welcome to MFANO BORA AFRICA LIMITED. What would you like to know or find today?
Greetings,"Hi, I have a question",Hello! Welcome to MFANO BORA AFRICA LIMITED. What would you like to know or find today?
Greetings,Hey chatbot,Hello! Welcome to MFANO BORA AFRICA LIMITED. What would you like to know or find today?
Greetings,Hello there,Hello! Welcome to MFANO BORA AFRICA LIMITED. What would you like to know or find today?
Greetings,"Hi, I want information",Hello! Welcome to MFANO BORA AFRICA LIMITED. What would you like to know or find today?
Greetings,Good morning chatbot,Hello! Welcome to MFANO BORA AFRICA LIMITED. What would you like to know or find today?
Greetings,Good afternoon chatbot,Hello! Welcome to MFANO BORA AFRICA LIMITED. What would you like to know or find today?
Greetings,Good evening chatbot,Hello! Welcome to MFANO BORA AFRICA LIMITED. What would you like to know or find today?
Greetings,Can you assist me?,Hello! Welcome to MFANO BORA AFRICA LIMITED. What would you like to know or find today?
Greetings,I would like some help,Hello! Welcome to MFANO BORA AFRICA LIMITED. What would you like to know or find today?
about_company,What is MFANO BORA AFRICA LIMITED?,MFANO BORA AFRICA LIMITED is the organization behind this resource website. You can use the website to access and search its available information and resources.
about_company,Tell me about MFANO BORA AFRICA LIMITED,MFANO BORA AFRICA LIMITED is the organization behind this resource website. You can use the website to access and search its available information and resources.
about_company,What does MFANO BORA AFRICA LIMITED do?,MFANO BORA AFRICA LIMITED is the organization behind this resource website. You can use the website to access and search its available information and resources.
about_company,What is your company about?,MFANO BORA AFRICA LIMITED is the organization behind this resource website. You can use the website to access and search its available information and resources.
about_company,Give me information about the company,MFANO BORA AFRICA LIMITED is the organization behind this resource website. You can use the website to access and search its available information and resources.
about_company,Who are you?,MFANO BORA AFRICA LIMITED is the organization behind this resource website. You can use the website to access and search its available information and resources.
about_company,What is this organization?,MFANO BORA AFRICA LIMITED is the organization behind this resource website. You can use the website to access and search its available information and resources.
about_company,Tell me more about MFANO BORA AFRICA LIMITED,MFANO BORA AFRICA LIMITED is the organization behind this resource website. You can use the website to access and search its available information and resources.
about_company,What services does the company provide?,MFANO BORA AFRICA LIMITED provides access to organized information and resources through its website.
about_company,Can you explain what MFANO BORA AFRICA LIMITED is?,MFANO BORA AFRICA LIMITED is the organization behind this resource website. You can use the website to access and search its available information and resources.
about_company,What is MFANO BORA AFRICA?,MFANO BORA AFRICA LIMITED is the organization behind this resource website. You can use the website to access and search its available information and resources.
about_company,Tell me about your organization,MFANO BORA AFRICA LIMITED is the organization behind this resource website. You can use the website to access and search its available information and resources.
about_company,What kind of company is MFANO BORA AFRICA LIMITED?,MFANO BORA AFRICA LIMITED is the organization behind this resource website. You can use the website to access and search its available information and resources.
about_company,I want to know about the company,MFANO BORA AFRICA LIMITED is the organization behind this resource website. You can use the website to access and search its available information and resources.
about_company,Give me a brief description of the company,MFANO BORA AFRICA LIMITED is the organization behind this resource website. You can use the website to access and search its available information and resources.
about_company,What is the purpose of this website?,"The website is designed to provide organized information and resources, including Attachment, Careers, Transport and ICT resources."
about_company,What is the company known for?,MFANO BORA AFRICA LIMITED is the organization behind this resource website. You can use the website to access and search its available information and resources.
about_company,Tell me about this organization,MFANO BORA AFRICA LIMITED is the organization behind this resource website. You can use the website to access and search its available information and resources.
about_company,Can you describe MFANO BORA AFRICA LIMITED?,MFANO BORA AFRICA LIMITED is the organization behind this resource website. You can use the website to access and search its available information and resources.
about_company,I need company information,MFANO BORA AFRICA LIMITED is the organization behind this resource website. You can use the website to access and search its available information and resources.
about_company,Where can I learn about the company?,MFANO BORA AFRICA LIMITED is the organization behind this resource website. You can use the website to access and search its available information and resources.
about_company,What does this organization provide?,MFANO BORA AFRICA LIMITED is the organization behind this resource website. You can use the website to access and search its available information and resources.
about_company,What is the About section about?,MFANO BORA AFRICA LIMITED is the organization behind this resource website. You can use the website to access and search its available information and resources.
about_company,Can I get an overview of the company?,MFANO BORA AFRICA LIMITED is the organization behind this resource website. You can use the website to access and search its available information and resources.
about_company,Explain MFANO BORA AFRICA LIMITED to me,MFANO BORA AFRICA LIMITED is the organization behind this resource website. You can use the website to access and search its available information and resources.
services,What services do you offer?,"The website provides access to organized resources and information in areas such as Attachment, Careers, Transport and ICT, with search and category filtering to help you find what you need."
services,What does your company offer?,"The website provides access to organized resources and information in areas such as Attachment, Careers, Transport and ICT, with search and category filtering to help you find what you need."
services,What services are available?,"The website provides access to organized resources and information in areas such as Attachment, Careers, Transport and ICT, with search and category filtering to help you find what you need."
services,What can MFANO BORA AFRICA LIMITED help me with?,"The website provides access to organized resources and information in areas such as Attachment, Careers, Transport and ICT, with search and category filtering to help you find what you need."
services,What do you provide?,"The website provides access to organized resources and information in areas such as Attachment, Careers, Transport and ICT, with search and category filtering to help you find what you need."
services,Which services can I access?,"The website provides access to organized resources and information in areas such as Attachment, Careers, Transport and ICT, with search and category filtering to help you find what you need."
services,Tell me your services,"The website provides access to organized resources and information in areas such as Attachment, Careers, Transport and ICT, with search and category filtering to help you find what you need."
services,What can I get from this website?,"The website provides access to organized resources and information in areas such as Attachment, Careers, Transport and ICT, with search and category filtering to help you find what you need."
services,What are your main services?,"The website provides access to organized resources and information in areas such as Attachment, Careers, Transport and ICT, with search and category filtering to help you find what you need."
services,How can your website help me?,"The website provides access to organized resources and information in areas such as Attachment, Careers, Transport and ICT, with search and category filtering to help you find what you need."
services,What kind of help do you provide?,"The website provides access to organized resources and information in areas such as Attachment, Careers, Transport and ICT, with search and category filtering to help you find what you need."
services,What can I do on this website?,"The website provides access to organized resources and information in areas such as Attachment, Careers, Transport and ICT, with search and category filtering to help you find what you need."
services,What information can I access?,"The website provides access to organized resources and information in areas such as Attachment, Careers, Transport and ICT, with search and category filtering to help you find what you need."
services,What resources do you provide?,"The website provides access to organized resources and information in areas such as Attachment, Careers, Transport and ICT, with search and category filtering to help you find what you need."
services,What are the available services?,"The website provides access to organized resources and information in areas such as Attachment, Careers, Transport and ICT, with search and category filtering to help you find what you need."
services,How can MFANO BORA help me?,"The website provides access to organized resources and information in areas such as Attachment, Careers, Transport and ICT, with search and category filtering to help you find what you need."
services,What can visitors access?,"The website provides access to organized resources and information in areas such as Attachment, Careers, Transport and ICT, with search and category filtering to help you find what you need."
services,What does the website provide?,"The website provides access to organized resources and information in areas such as Attachment, Careers, Transport and ICT, with search and category filtering to help you find what you need."
services,What support can I get here?,"The website provides access to organized resources and information in areas such as Attachment, Careers, Transport and ICT, with search and category filtering to help you find what you need."
services,What can this chatbot help me with?,"The website provides access to organized resources and information in areas such as Attachment, Careers, Transport and ICT, with search and category filtering to help you find what you need."
services,What facilities are available on the website?,"The website provides access to organized resources and information in areas such as Attachment, Careers, Transport and ICT, with search and category filtering to help you find what you need."
services,What can users find here?,"The website provides access to organized resources and information in areas such as Attachment, Careers, Transport and ICT, with search and category filtering to help you find what you need."
services,What information is provided?,"The website provides access to organized resources and information in areas such as Attachment, Careers, Transport and ICT, with search and category filtering to help you find what you need."
services,Which resources can I access?,"The website provides access to organized resources and information in areas such as Attachment, Careers, Transport and ICT, with search and category filtering to help you find what you need."
services,How does the website help users?,"The website provides access to organized resources and information in areas such as Attachment, Careers, Transport and ICT, with search and category filtering to help you find what you need."
contact,How can I contact you?,Please open the Contact section of the website to view the official contact details and available communication channels.
contact,What is your contact information?,Please open the Contact section of the website to view the official contact details and available communication channels.
contact,How do I reach MFANO BORA AFRICA LIMITED?,Please open the Contact section of the website to view the official contact details and available communication channels.
contact,Can I contact the company?,Please open the Contact section of the website to view the official contact details and available communication channels.
contact,Where can I get contact details?,Please open the Contact section of the website to view the official contact details and available communication channels.
contact,How can I get in touch with you?,Please open the Contact section of the website to view the official contact details and available communication channels.
contact,I want to contact the company,Please open the Contact section of the website to view the official contact details and available communication channels.
contact,Do you have a contact page?,Please open the Contact section of the website to view the official contact details and available communication channels.
contact,How do I communicate with MFANO BORA AFRICA LIMITED?,Please open the Contact section of the website to view the official contact details and available communication channels.
contact,Where are your contact details?,Please open the Contact section of the website to view the official contact details and available communication channels.
contact,What is your email address?,Please open the Contact section of the website to view the official contact details and available communication channels.
contact,How can I send you a message?,Please open the Contact section of the website to view the official contact details and available communication channels.
contact,Where can I find the contact form?,Please open the Contact section of the website to view the official contact details and available communication channels.
contact,How do I reach your office?,Please open the Contact section of the website to view the official contact details and available communication channels.
contact,I need to contact support,Please open the Contact section of the website to view the official contact details and available communication channels.
contact,Where can I find company contacts?,Please open the Contact section of the website to view the official contact details and available communication channels.
contact,Can I call the company?,Please open the Contact section of the website to view the official contact details and available communication channels.
contact,How do I communicate with your team?,Please open the Contact section of the website to view the official contact details and available communication channels.
contact,Where is the contact information?,Please open the Contact section of the website to view the official contact details and available communication channels.
contact,I need the company's phone number,Please open the Contact section of the website to view the official contact details and available communication channels.
contact,Where can I find your email?,Please open the Contact section of the website to view the official contact details and available communication channels.
contact,How can I ask the company a question?,Please open the Contact section of the website to view the official contact details and available communication channels.
contact,Is there a contact page?,Please open the Contact section of the website to view the official contact details and available communication channels.
contact,How do I get in touch with the organization?,Please open the Contact section of the website to view the official contact details and available communication channels.
contact,Where can I submit an inquiry?,Please open the Contact section of the website to view the official contact details and available communication channels.
location,Where are you located?,Please check the Contact or About section of the website for the company's current official physical location and address.
location,Where is MFANO BORA AFRICA LIMITED located?,Please check the Contact or About section of the website for the company's current official physical location and address.
location,What is your location?,Please check the Contact or About section of the website for the company's current official physical location and address.
location,Where is your office?,Please check the Contact or About section of the website for the company's current official physical location and address.
location,What is your physical location?,Please check the Contact or About section of the website for the company's current official physical location and address.
location,Where can I find your offices?,Please check the Contact or About section of the website for the company's current official physical location and address.
location,Which town are you located in?,Please check the Contact or About section of the website for the company's current official physical location and address.
location,Tell me your office location,Please check the Contact or About section of the website for the company's current official physical location and address.
location,How do I find your office?,Please check the Contact or About section of the website for the company's current official physical location and address.
location,Where is the company based?,Please check the Contact or About section of the website for the company's current official physical location and address.
location,What city are you in?,Please check the Contact or About section of the website for the company's current official physical location and address.
location,Where is your headquarters?,Please check the Contact or About section of the website for the company's current official physical location and address.
location,What is the company's address?,Please check the Contact or About section of the website for the company's current official physical location and address.
location,Where can I visit the company?,Please check the Contact or About section of the website for the company's current official physical location and address.
location,Where are your offices located?,Please check the Contact or About section of the website for the company's current official physical location and address.
location,Can I get your office location?,Please check the Contact or About section of the website for the company's current official physical location and address.
location,Which area is the company in?,Please check the Contact or About section of the website for the company's current official physical location and address.
location,Where can I find MFANO BORA AFRICA LIMITED?,Please check the Contact or About section of the website for the company's current official physical location and address.
location,What is your physical address?,Please check the Contact or About section of the website for the company's current official physical location and address.
location,How do I get to your office?,Please check the Contact or About section of the website for the company's current official physical location and address.
location,Where is the organization based?,Please check the Contact or About section of the website for the company's current official physical location and address.
location,Tell me where your office is,Please check the Contact or About section of the website for the company's current official physical location and address.
location,What town is your company in?,Please check the Contact or About section of the website for the company's current official physical location and address.
location,Where can I locate the company?,Please check the Contact or About section of the website for the company's current official physical location and address.
location,Where should I go to visit the company?,Please check the Contact or About section of the website for the company's current official physical location and address.
careers,Do you have career opportunities?,"Open the Careers category to browse career information, job guidance, CV materials, interview preparation and other career-related resources."
careers,Are there job opportunities?,"Open the Careers category to browse career information, job guidance, CV materials, interview preparation and other career-related resources."
careers,How can I find careers?,"Open the Careers category to browse career information, job guidance, CV materials, interview preparation and other career-related resources."
careers,Where can I find career information?,"Open the Careers category to browse career information, job guidance, CV materials, interview preparation and other career-related resources."
careers,Do you offer employment opportunities?,"Open the Careers category to browse career information, job guidance, CV materials, interview preparation and other career-related resources."
careers,Can I find jobs on the website?,"Open the Careers category to browse career information, job guidance, CV materials, interview preparation and other career-related resources."
careers,Where are the career resources?,"Open the Careers category to browse career information, job guidance, CV materials, interview preparation and other career-related resources."
careers,How do I access career guides?,"Open the Careers category to browse career information, job guidance, CV materials, interview preparation and other career-related resources."
careers,Are there career resources available?,"Open the Careers category to browse career information, job guidance, CV materials, interview preparation and other career-related resources."
careers,I am looking for career information,"Open the Careers category to browse career information, job guidance, CV materials, interview preparation and other career-related resources."
careers,Can I find job guidance here?,"Open the Careers category to browse career information, job guidance, CV materials, interview preparation and other career-related resources."
careers,Where can I learn about careers?,"Open the Careers category to browse career information, job guidance, CV materials, interview preparation and other career-related resources."
careers,Do you have career advice?,"Open the Careers category to browse career information, job guidance, CV materials, interview preparation and other career-related resources."
careers,I need help with my career,"Open the Careers category to browse career information, job guidance, CV materials, interview preparation and other career-related resources."
careers,Where are the job resources?,"Open the Careers category to browse career information, job guidance, CV materials, interview preparation and other career-related resources."
careers,How can I prepare for a career?,"Open the Careers category to browse career information, job guidance, CV materials, interview preparation and other career-related resources."
careers,Do you have employment guides?,"Open the Careers category to browse career information, job guidance, CV materials, interview preparation and other career-related resources."
careers,Where can I find job preparation materials?,"Open the Careers category to browse career information, job guidance, CV materials, interview preparation and other career-related resources."
careers,I want career information,"Open the Careers category to browse career information, job guidance, CV materials, interview preparation and other career-related resources."
careers,Are career documents available?,"Open the Careers category to browse career information, job guidance, CV materials, interview preparation and other career-related resources."
careers,Can the website help me with careers?,"Open the Careers category to browse career information, job guidance, CV materials, interview preparation and other career-related resources."
careers,Show me career resources,"Open the Careers category to browse career information, job guidance, CV materials, interview preparation and other career-related resources."
careers,Where can students find career information?,"Open the Careers category to browse career information, job guidance, CV materials, interview preparation and other career-related resources."
careers,I need a career guide,"Open the Careers category to browse career information, job guidance, CV materials, interview preparation and other career-related resources."
careers,How do I access career materials?,"Open the Careers category to browse career information, job guidance, CV materials, interview preparation and other career-related resources."
internship,Do you offer internships?,"Open the Attachment category to find industrial attachment, internship and student training resources."
internship,Do you have attachment opportunities?,"Open the Attachment category to find industrial attachment, internship and student training resources."
internship,Where can I find attachment information?,"Open the Attachment category to find industrial attachment, internship and student training resources."
internship,How can I find an industrial attachment?,"Open the Attachment category to find industrial attachment, internship and student training resources."
internship,Are there internship resources?,"Open the Attachment category to find industrial attachment, internship and student training resources."
internship,Where are attachment guides?,"Open the Attachment category to find industrial attachment, internship and student training resources."
internship,I need information about industrial attachment,"Open the Attachment category to find industrial attachment, internship and student training resources."
internship,Can I find internship guides here?,"Open the Attachment category to find industrial attachment, internship and student training resources."
internship,How do I prepare for an attachment?,"Open the Attachment category to find industrial attachment, internship and student training resources."
internship,Where can students find attachment resources?,"Open the Attachment category to find industrial attachment, internship and student training resources."
internship,Do you have industrial training information?,"Open the Attachment category to find industrial attachment, internship and student training resources."
internship,Where can I find internship guidance?,"Open the Attachment category to find industrial attachment, internship and student training resources."
internship,I am looking for attachment information,"Open the Attachment category to find industrial attachment, internship and student training resources."
internship,Can I access attachment documents?,"Open the Attachment category to find industrial attachment, internship and student training resources."
internship,How do I apply for an internship?,"For internship application guidance, start with the Attachment category and check the relevant application or preparation resources."
internship,Where can I learn about industrial training?,"Open the Attachment category to find industrial attachment, internship and student training resources."
internship,Do you have student attachment resources?,"Open the Attachment category to find industrial attachment, internship and student training resources."
internship,I need an internship guide,"Open the Attachment category to find industrial attachment, internship and student training resources."
internship,Where are the industrial attachment materials?,"Open the Attachment category to find industrial attachment, internship and student training resources."
internship,Can students find attachment resources here?,"Open the Attachment category to find industrial attachment, internship and student training resources."
internship,I want information about internships,"Open the Attachment category to find industrial attachment, internship and student training resources."
internship,How can I prepare for industrial attachment?,"Open the Attachment category to find industrial attachment, internship and student training resources."
internship,Where can I find student training resources?,"Open the Attachment category to find industrial attachment, internship and student training resources."
internship,Do you provide attachment guides?,"Open the Attachment category to find industrial attachment, internship and student training resources."
internship,Show me internship resources,"Open the Attachment category to find industrial attachment, internship and student training resources."
ict_resources,Where can I find ICT resources?,"Open the ICT category to browse computer, technology, digital skills and other ICT-related resources."
ict_resources,Do you have ICT resources?,"Open the ICT category to browse computer, technology, digital skills and other ICT-related resources."
ict_resources,What ICT resources are available?,"Open the ICT category to browse computer, technology, digital skills and other ICT-related resources."
ict_resources,Where are the technology resources?,"Open the ICT category to browse computer, technology, digital skills and other ICT-related resources."
ict_resources,Can I find computer and ICT guides?,"Open the ICT category to browse computer, technology, digital skills and other ICT-related resources."
ict_resources,How do I access ICT materials?,"Open the ICT category to browse computer, technology, digital skills and other ICT-related resources."
ict_resources,Show me ICT resources,"Open the ICT category to browse computer, technology, digital skills and other ICT-related resources."
ict_resources,I need ICT information,"Open the ICT category to browse computer, technology, digital skills and other ICT-related resources."
ict_resources,Where can I find digital skills resources?,Open the ICT category and search for 'digital skills' to find related materials.
ict_resources,Do you have technology guides?,"Open the ICT category to browse computer, technology, digital skills and other ICT-related resources."
ict_resources,Where can I find computer resources?,"Open the ICT category to browse computer, technology, digital skills and other ICT-related resources."
ict_resources,Are there ICT documents available?,"Open the ICT category to browse computer, technology, digital skills and other ICT-related resources."
ict_resources,I need technology information,"Open the ICT category to browse computer, technology, digital skills and other ICT-related resources."
ict_resources,Show me technology resources,"Open the ICT category to browse computer, technology, digital skills and other ICT-related resources."
ict_resources,Where are the ICT guides?,"Open the ICT category to browse computer, technology, digital skills and other ICT-related resources."
ict_resources,Can I download ICT materials?,Open the ICT resource you need and use its Download option when a file is available.
ict_resources,Where can I find digital technology resources?,"Open the ICT category to browse computer, technology, digital skills and other ICT-related resources."
ict_resources,Do you have computer training materials?,"Open the ICT category to browse computer, technology, digital skills and other ICT-related resources."
ict_resources,I need a computer guide,"Open the ICT category to browse computer, technology, digital skills and other ICT-related resources."
ict_resources,Where can I find cybersecurity resources?,"Use the ICT category and search for 'cybersecurity' to find relevant resources, if available."
ict_resources,Are digital skills resources available?,Open the ICT category and search for 'digital skills' to find related materials.
ict_resources,How do I find ICT documents?,"Open the ICT category to browse computer, technology, digital skills and other ICT-related resources."
ict_resources,Can I search for ICT materials?,"Open the ICT category to browse computer, technology, digital skills and other ICT-related resources."
ict_resources,What technology guides do you have?,"Open the ICT category to browse computer, technology, digital skills and other ICT-related resources."
ict_resources,Show me computer and technology resources,"Open the ICT category to browse computer, technology, digital skills and other ICT-related resources."
transport_resources,Where can I find transport resources?,"Open the Transport category to browse transport, logistics, fleet and supply-chain related resources."
transport_resources,Do you have transport information?,"Open the Transport category to browse transport, logistics, fleet and supply-chain related resources."
transport_resources,What transport resources are available?,"Open the Transport category to browse transport, logistics, fleet and supply-chain related resources."
transport_resources,Show me transport resources,"Open the Transport category to browse transport, logistics, fleet and supply-chain related resources."
transport_resources,Where are the transport guides?,"Open the Transport category to browse transport, logistics, fleet and supply-chain related resources."
transport_resources,I need transport information,"Open the Transport category to browse transport, logistics, fleet and supply-chain related resources."
transport_resources,Can I find logistics resources?,"Open the Transport category to browse transport, logistics, fleet and supply-chain related resources."
transport_resources,Where can I find fleet information?,Open the Transport category and search for 'fleet' or 'fleet management' to find related resources.
transport_resources,Do you have supply chain resources?,Open the Transport category and search for 'supply chain' to find related resources.
transport_resources,Where are the logistics materials?,"Open the Transport category to browse transport, logistics, fleet and supply-chain related resources."
transport_resources,I need a transport guide,"Open the Transport category to browse transport, logistics, fleet and supply-chain related resources."
transport_resources,Where can I find transportation documents?,"Open the Transport category to browse transport, logistics, fleet and supply-chain related resources."
transport_resources,Do you have fleet management resources?,Open the Transport category and search for 'fleet' or 'fleet management' to find related resources.
transport_resources,Where can I find supply chain information?,Open the Transport category and search for 'supply chain' to find related resources.
transport_resources,Show me logistics resources,"Open the Transport category to browse transport, logistics, fleet and supply-chain related resources."
transport_resources,I need information about transport,"Open the Transport category to browse transport, logistics, fleet and supply-chain related resources."
transport_resources,Are transport guides available?,"Open the Transport category to browse transport, logistics, fleet and supply-chain related resources."
transport_resources,Where can I find fleet resources?,Open the Transport category and search for 'fleet' or 'fleet management' to find related resources.
transport_resources,Can I download transport materials?,"Open the Transport category to browse transport, logistics, fleet and supply-chain related resources."
transport_resources,Do you have road transport information?,"Open the Transport category to browse transport, logistics, fleet and supply-chain related resources."
transport_resources,I need logistics information,"Open the Transport category to browse transport, logistics, fleet and supply-chain related resources."
transport_resources,How do I find transport documents?,"Open the Transport category to browse transport, logistics, fleet and supply-chain related resources."
transport_resources,What transportation resources are available?,"Open the Transport category to browse transport, logistics, fleet and supply-chain related resources."
transport_resources,Show me fleet and logistics resources,Open the Transport category and search for 'fleet' or 'fleet management' to find related resources.
transport_resources,Where can I find supply chain guides?,Open the Transport category and search for 'supply chain' to find related resources.
attachment_resources,Where can I find attachment guides?,Open the Attachment category to browse industrial attachment and student training resources.
attachment_resources,Show me attachment resources,Open the Attachment category to browse industrial attachment and student training resources.
attachment_resources,I need an industrial attachment guide,Open the Attachment category to browse industrial attachment and student training resources.
attachment_resources,What attachment resources are available?,Open the Attachment category to browse industrial attachment and student training resources.
attachment_resources,Where are the internship guides?,Open the Attachment category to browse industrial attachment and student training resources.
attachment_resources,How do I access attachment materials?,Open the Attachment category to browse industrial attachment and student training resources.
attachment_resources,Can I download attachment documents?,Open the Attachment category to browse industrial attachment and student training resources.
attachment_resources,Do you have resources for students on attachment?,Open the Attachment category to browse industrial attachment and student training resources.
attachment_resources,Where can I find industrial training resources?,Open the Attachment category to browse industrial attachment and student training resources.
attachment_resources,I need help preparing for attachment,Open the Attachment category to browse industrial attachment and student training resources.
attachment_resources,Show me industrial attachment documents,Open the Attachment category to browse industrial attachment and student training resources.
attachment_resources,Where are student attachment materials?,Open the Attachment category to browse industrial attachment and student training resources.
attachment_resources,Can I find attachment forms?,"Open the Attachment category and search for 'forms' to find available attachment forms, if provided."
attachment_resources,Do you have attachment preparation guides?,Open the Attachment category to browse industrial attachment and student training resources.
attachment_resources,I need resources for industrial training,Open the Attachment category to browse industrial attachment and student training resources.
attachment_resources,Where can I download attachment guides?,Open the Attachment category to browse industrial attachment and student training resources.
attachment_resources,How do I find student attachment information?,Open the Attachment category to browse industrial attachment and student training resources.
attachment_resources,Show attachment-related resources,Open the Attachment category to browse industrial attachment and student training resources.
attachment_resources,Where can I find internship and attachment documents?,Open the Attachment category to browse industrial attachment and student training resources.
attachment_resources,I need an industrial training guide,Open the Attachment category to browse industrial attachment and student training resources.
attachment_resources,Are attachment resources available online?,Open the Attachment category to browse industrial attachment and student training resources.
attachment_resources,Can I search for attachment materials?,Open the Attachment category to browse industrial attachment and student training resources.
attachment_resources,What guides are available for students on attachment?,Open the Attachment category to browse industrial attachment and student training resources.
attachment_resources,How do I access internship documents?,Open the Attachment category to browse industrial attachment and student training resources.
attachment_resources,Where can students find industrial training resources?,Open the Attachment category to browse industrial attachment and student training resources.
career_resources,Where can I find career resources?,"Open the Careers category to browse CV guides, interview preparation, job guidance and other career resources."
career_resources,Show me career guides,"Open the Careers category to browse CV guides, interview preparation, job guidance and other career resources."
career_resources,I need career materials,"Open the Careers category to browse CV guides, interview preparation, job guidance and other career resources."
career_resources,What career resources are available?,"Open the Careers category to browse CV guides, interview preparation, job guidance and other career resources."
career_resources,Where can I find CV guides?,Open the Careers category and search for 'CV' to find CV writing and preparation resources.
career_resources,Do you have interview preparation resources?,Open the Careers category and search for 'interview' to find interview preparation materials.
career_resources,Where are internship and career guides?,"Open the Careers category to browse CV guides, interview preparation, job guidance and other career resources."
career_resources,Can I download career resources?,"Open the Careers category to browse CV guides, interview preparation, job guidance and other career resources."
career_resources,I need help with career preparation,"Open the Careers category to browse CV guides, interview preparation, job guidance and other career resources."
career_resources,Show career-related resources,"Open the Careers category to browse CV guides, interview preparation, job guidance and other career resources."
career_resources,Where can I find job search guides?,"Open the Careers category to browse CV guides, interview preparation, job guidance and other career resources."
career_resources,Do you have CV writing materials?,Open the Careers category and search for 'CV' to find CV writing and preparation resources.
career_resources,Where are interview guides?,Open the Careers category and search for 'interview' to find interview preparation materials.
career_resources,I need a CV guide,Open the Careers category and search for 'CV' to find CV writing and preparation resources.
career_resources,Show me interview preparation resources,Open the Careers category and search for 'interview' to find interview preparation materials.
career_resources,Where can I find employment resources?,"Open the Careers category to browse CV guides, interview preparation, job guidance and other career resources."
career_resources,Can I download job preparation materials?,"Open the Careers category to browse CV guides, interview preparation, job guidance and other career resources."
career_resources,What career documents do you have?,"Open the Careers category to browse CV guides, interview preparation, job guidance and other career resources."
career_resources,Where are the career preparation materials?,"Open the Careers category to browse CV guides, interview preparation, job guidance and other career resources."
career_resources,I need help preparing for an interview,Open the Careers category and search for 'interview' to find interview preparation materials.
career_resources,Do you have job application guides?,"Open the Careers category to browse CV guides, interview preparation, job guidance and other career resources."
career_resources,Where can I find professional development resources?,"Open the Careers category to browse CV guides, interview preparation, job guidance and other career resources."
career_resources,Show me CV and interview resources,Open the Careers category and search for 'CV' to find CV writing and preparation resources.
career_resources,How do I access career documents?,"Open the Careers category to browse CV guides, interview preparation, job guidance and other career resources."
career_resources,Where can I find job guidance materials?,"Open the Careers category to browse CV guides, interview preparation, job guidance and other career resources."
road_safety,Do you have road safety guides?,Open Transport and look for the Road Safety Guides section. You can also search for 'road safety' to find relevant materials.
road_safety,Where can I find road safety information?,Open Transport and look for the Road Safety Guides section. You can also search for 'road safety' to find relevant materials.
road_safety,Show me road safety resources,Open Transport and look for the Road Safety Guides section. You can also search for 'road safety' to find relevant materials.
road_safety,I need a road safety guide,Open Transport and look for the Road Safety Guides section. You can also search for 'road safety' to find relevant materials.
road_safety,Are road safety materials available?,Open Transport and look for the Road Safety Guides section. You can also search for 'road safety' to find relevant materials.
road_safety,Where are the road safety documents?,Open Transport and look for the Road Safety Guides section. You can also search for 'road safety' to find relevant materials.
road_safety,Can I download a road safety guide?,Open Transport and look for the Road Safety Guides section. You can also search for 'road safety' to find relevant materials.
road_safety,Do you provide transport safety information?,Open Transport and look for the Road Safety Guides section. You can also search for 'road safety' to find relevant materials.
road_safety,I want information about road safety,Open Transport and look for the Road Safety Guides section. You can also search for 'road safety' to find relevant materials.
road_safety,Find road safety resources,Open Transport and look for the Road Safety Guides section. You can also search for 'road safety' to find relevant materials.
road_safety,Where can I find road safety materials?,Open Transport and look for the Road Safety Guides section. You can also search for 'road safety' to find relevant materials.
road_safety,Do you have traffic safety guides?,Open Transport and look for the Road Safety Guides section. You can also search for 'road safety' to find relevant materials.
road_safety,I need a road safety document,Open Transport and look for the Road Safety Guides section. You can also search for 'road safety' to find relevant materials.
road_safety,Show me traffic safety resources,Open Transport and look for the Road Safety Guides section. You can also search for 'road safety' to find relevant materials.
road_safety,Where are transport safety guides?,Open Transport and look for the Road Safety Guides section. You can also search for 'road safety' to find relevant materials.
road_safety,Can I access road safety documents?,Open Transport and look for the Road Safety Guides section. You can also search for 'road safety' to find relevant materials.
road_safety,Do you have road safety information for drivers?,Open Transport and look for the Road Safety Guides section. You can also search for 'road safety' to find relevant materials.
road_safety,I need traffic safety information,Open Transport and look for the Road Safety Guides section. You can also search for 'road safety' to find relevant materials.
road_safety,Where can I download safety guides?,Open Transport and look for the Road Safety Guides section. You can also search for 'road safety' to find relevant materials.
road_safety,Show me road safety documents,Open Transport and look for the Road Safety Guides section. You can also search for 'road safety' to find relevant materials.
road_safety,Are traffic safety resources available?,Open Transport and look for the Road Safety Guides section. You can also search for 'road safety' to find relevant materials.
road_safety,How do I find road safety guides?,Open Transport and look for the Road Safety Guides section. You can also search for 'road safety' to find relevant materials.
road_safety,Where can I get transport safety information?,Open Transport and look for the Road Safety Guides section. You can also search for 'road safety' to find relevant materials.
road_safety,I am looking for road safety materials,Open Transport and look for the Road Safety Guides section. You can also search for 'road safety' to find relevant materials.
road_safety,Can you help me find a road safety guide?,Open Transport and look for the Road Safety Guides section. You can also search for 'road safety' to find relevant materials.
award_brochures,Where can I find award brochures?,Use the resource search and look for 'award brochure' or open the relevant Award Brochures section to find available materials.
award_brochures,Do you have award brochures?,Use the resource search and look for 'award brochure' or open the relevant Award Brochures section to find available materials.
award_brochures,Show me award resources,Use the resource search and look for 'award brochure' or open the relevant Award Brochures section to find available materials.
award_brochures,I need an award brochure,Use the resource search and look for 'award brochure' or open the relevant Award Brochures section to find available materials.
award_brochures,Where are the award documents?,Use the resource search and look for 'award brochure' or open the relevant Award Brochures section to find available materials.
award_brochures,Can I download award brochures?,Use the resource search and look for 'award brochure' or open the relevant Award Brochures section to find available materials.
award_brochures,What award resources are available?,Use the resource search and look for 'award brochure' or open the relevant Award Brochures section to find available materials.
award_brochures,Find award brochures for me,Use the resource search and look for 'award brochure' or open the relevant Award Brochures section to find available materials.
award_brochures,Where can I access company award materials?,Use the resource search and look for 'award brochure' or open the relevant Award Brochures section to find available materials.
award_brochures,Do you have award-related resources?,Use the resource search and look for 'award brochure' or open the relevant Award Brochures section to find available materials.
award_brochures,Show me award brochures,Use the resource search and look for 'award brochure' or open the relevant Award Brochures section to find available materials.
award_brochures,Where can I find awards information?,Use the resource search and look for 'award brochure' or open the relevant Award Brochures section to find available materials.
award_brochures,Are award documents available?,Use the resource search and look for 'award brochure' or open the relevant Award Brochures section to find available materials.
award_brochures,I need an awards brochure,Use the resource search and look for 'award brochure' or open the relevant Award Brochures section to find available materials.
award_brochures,Can I search for award brochures?,Use the resource search and look for 'award brochure' or open the relevant Award Brochures section to find available materials.
award_brochures,Where are the company award materials?,Use the resource search and look for 'award brochure' or open the relevant Award Brochures section to find available materials.
award_brochures,How do I download an award brochure?,Use the resource search and look for 'award brochure' or open the relevant Award Brochures section to find available materials.
award_brochures,Show award-related documents,Use the resource search and look for 'award brochure' or open the relevant Award Brochures section to find available materials.
award_brochures,I want to read an award brochure,Use the resource search and look for 'award brochure' or open the relevant Award Brochures section to find available materials.
award_brochures,Where can I find awards resources?,Use the resource search and look for 'award brochure' or open the relevant Award Brochures section to find available materials.
award_brochures,Do you have brochures about awards?,Use the resource search and look for 'award brochure' or open the relevant Award Brochures section to find available materials.
award_brochures,Can I access award materials?,Use the resource search and look for 'award brochure' or open the relevant Award Brochures section to find available materials.
award_brochures,I need an award document,Use the resource search and look for 'award brochure' or open the relevant Award Brochures section to find available materials.
award_brochures,How do I find award brochures?,Use the resource search and look for 'award brochure' or open the relevant Award Brochures section to find available materials.
award_brochures,Are there award brochures on the website?,Use the resource search and look for 'award brochure' or open the relevant Award Brochures section to find available materials.
download_resource,How do I download a resource?,"Open the resource you want and select its Download option. If no download option appears, the resource may not have a downloadable file."
download_resource,How can I download a PDF?,"Open the resource you want and select its Download option. If no download option appears, the resource may not have a downloadable file."
download_resource,How do I download a document?,"Open the resource you want and select its Download option. If no download option appears, the resource may not have a downloadable file."
download_resource,Can I download resources?,"Open the resource you want and select its Download option. If no download option appears, the resource may not have a downloadable file."
download_resource,Where is the download button?,"Open the resource you want and select its Download option. If no download option appears, the resource may not have a downloadable file."
download_resource,How do I save a resource to my computer?,"Open the resource you want and select its Download option. If no download option appears, the resource may not have a downloadable file."
download_resource,How can I get a resource file?,"Open the resource you want and select its Download option. If no download option appears, the resource may not have a downloadable file."
download_resource,I want to download a guide,"Open the resource you want and select its Download option. If no download option appears, the resource may not have a downloadable file."
download_resource,How do I download a PDF resource?,"Open the resource you want and select its Download option. If no download option appears, the resource may not have a downloadable file."
download_resource,Can I download the documents from the website?,"Open the resource you want and select its Download option. If no download option appears, the resource may not have a downloadable file."
download_resource,How do I download a file?,"Open the resource you want and select its Download option. If no download option appears, the resource may not have a downloadable file."
download_resource,Where can I find the download option?,"Open the resource you want and select its Download option. If no download option appears, the resource may not have a downloadable file."
download_resource,Can I save resources offline?,"Open the resource you want and select its Download option. If no download option appears, the resource may not have a downloadable file."
download_resource,How do I get a PDF from the website?,"Open the resource you want and select its Download option. If no download option appears, the resource may not have a downloadable file."
download_resource,I need to download a document,"Open the resource you want and select its Download option. If no download option appears, the resource may not have a downloadable file."
download_resource,How do I download a guide?,"Open the resource you want and select its Download option. If no download option appears, the resource may not have a downloadable file."
download_resource,Where is the PDF download?,"Open the resource you want and select its Download option. If no download option appears, the resource may not have a downloadable file."
download_resource,How can I save a resource?,"Open the resource you want and select its Download option. If no download option appears, the resource may not have a downloadable file."
download_resource,Is downloading available?,"Open the resource you want and select its Download option. If no download option appears, the resource may not have a downloadable file."
download_resource,Can I download the resource to my laptop?,"Open the resource you want and select its Download option. If no download option appears, the resource may not have a downloadable file."
download_resource,How do I download files?,"Open the resource you want and select its Download option. If no download option appears, the resource may not have a downloadable file."
download_resource,I want a copy of a resource,"Open the resource you want and select its Download option. If no download option appears, the resource may not have a downloadable file."
download_resource,How can I get the PDF file?,"Open the resource you want and select its Download option. If no download option appears, the resource may not have a downloadable file."
download_resource,Where do I click to download?,"Open the resource you want and select its Download option. If no download option appears, the resource may not have a downloadable file."
download_resource,Can I download documents from the resource database?,"Open the resource you want and select its Download option. If no download option appears, the resource may not have a downloadable file."
search_resource,How do I search for a resource?,"Type a keyword, topic or resource title into the search box. You can also use category filters to narrow the results."
search_resource,How can I find a document?,"Type a keyword, topic or resource title into the search box. You can also use category filters to narrow the results."
search_resource,Where is the search box?,"Type a keyword, topic or resource title into the search box. You can also use category filters to narrow the results."
search_resource,Can I search for resources?,"Type a keyword, topic or resource title into the search box. You can also use category filters to narrow the results."
search_resource,How do I search the resource database?,"Type a keyword, topic or resource title into the search box. You can also use category filters to narrow the results."
search_resource,I cannot find a resource,"Type a keyword, topic or resource title into the search box. You can also use category filters to narrow the results."
search_resource,How do I find a specific PDF?,"Type a keyword, topic or resource title into the search box. You can also use category filters to narrow the results."
search_resource,Search for a resource,"Type a keyword, topic or resource title into the search box. You can also use category filters to narrow the results."
search_resource,How can I locate a document quickly?,"Type a keyword, topic or resource title into the search box. You can also use category filters to narrow the results."
search_resource,How do I use the website search?,"Type a keyword, topic or resource title into the search box. You can also use category filters to narrow the results."
search_resource,Where can I search for resources?,"Type a keyword, topic or resource title into the search box. You can also use category filters to narrow the results."
search_resource,How do I search by title?,"Enter the resource title or name in the search box, then select the matching result."
search_resource,Can I search by keyword?,"Type a keyword, topic or resource title into the search box. You can also use category filters to narrow the results."
search_resource,How do I find a specific guide?,"Type a keyword, topic or resource title into the search box. You can also use category filters to narrow the results."
search_resource,I need to locate a resource,"Type a keyword, topic or resource title into the search box. You can also use category filters to narrow the results."
search_resource,Where is the resource search?,"Type a keyword, topic or resource title into the search box. You can also use category filters to narrow the results."
search_resource,How can I filter my search?,"Type a keyword, topic or resource title into the search box. You can also use category filters to narrow the results."
search_resource,How do I find documents by category?,"Use the category filters to narrow resources to Attachment, Careers, Transport or ICT."
search_resource,Can I search the database?,"Type a keyword, topic or resource title into the search box. You can also use category filters to narrow the results."
search_resource,What should I type in the search box?,"Type a keyword, topic or resource title into the search box. You can also use category filters to narrow the results."
search_resource,How do I locate an ICT resource?,"Type a keyword, topic or resource title into the search box. You can also use category filters to narrow the results."
search_resource,How can I find a career guide?,"Type a keyword, topic or resource title into the search box. You can also use category filters to narrow the results."
search_resource,How do I search for a PDF?,"Type a keyword, topic or resource title into the search box. You can also use category filters to narrow the results."
search_resource,I need help searching the resources,"Type a keyword, topic or resource title into the search box. You can also use category filters to narrow the results."
search_resource,How can I find a document by its name?,"Enter the resource title or name in the search box, then select the matching result."
resource_categories,What resource categories are available?,"The main resource categories are Attachment, Careers, Transport and ICT. Some resources may also have subcategories such as Road Safety Guides and Award Brochures."
resource_categories,Which categories are on the website?,"The main resource categories are Attachment, Careers, Transport and ICT. Some resources may also have subcategories such as Road Safety Guides and Award Brochures."
resource_categories,What types of resources do you have?,"The main resource categories are Attachment, Careers, Transport and ICT. Some resources may also have subcategories such as Road Safety Guides and Award Brochures."
resource_categories,Show me the resource categories,"The main resource categories are Attachment, Careers, Transport and ICT. Some resources may also have subcategories such as Road Safety Guides and Award Brochures."
resource_categories,What categories can I browse?,"The main resource categories are Attachment, Careers, Transport and ICT. Some resources may also have subcategories such as Road Safety Guides and Award Brochures."
resource_categories,Are there ICT resources?,"The main resource categories are Attachment, Careers, Transport and ICT. Some resources may also have subcategories such as Road Safety Guides and Award Brochures."
resource_categories,Are there career resources?,"The main resource categories are Attachment, Careers, Transport and ICT. Some resources may also have subcategories such as Road Safety Guides and Award Brochures."
resource_categories,Do you have transport resources?,"The main resource categories are Attachment, Careers, Transport and ICT. Some resources may also have subcategories such as Road Safety Guides and Award Brochures."
resource_categories,Do you have attachment resources?,"The main resource categories are Attachment, Careers, Transport and ICT. Some resources may also have subcategories such as Road Safety Guides and Award Brochures."
resource_categories,What can I find in the resource database?,"The main resource categories are Attachment, Careers, Transport and ICT. Some resources may also have subcategories such as Road Safety Guides and Award Brochures."
resource_categories,Which resource sections are available?,"The main resource categories are Attachment, Careers, Transport and ICT. Some resources may also have subcategories such as Road Safety Guides and Award Brochures."
resource_categories,What are the main categories?,"The main resource categories are Attachment, Careers, Transport and ICT. Some resources may also have subcategories such as Road Safety Guides and Award Brochures."
resource_categories,How many categories are there?,"The main resource categories are Attachment, Careers, Transport and ICT. Some resources may also have subcategories such as Road Safety Guides and Award Brochures."
resource_categories,What topics can I browse?,"The main resource categories are Attachment, Careers, Transport and ICT. Some resources may also have subcategories such as Road Safety Guides and Award Brochures."
resource_categories,Which category contains ICT?,"The main resource categories are Attachment, Careers, Transport and ICT. Some resources may also have subcategories such as Road Safety Guides and Award Brochures."
resource_categories,Which category contains careers?,"The main resource categories are Attachment, Careers, Transport and ICT. Some resources may also have subcategories such as Road Safety Guides and Award Brochures."
resource_categories,Which category contains transport?,"The main resource categories are Attachment, Careers, Transport and ICT. Some resources may also have subcategories such as Road Safety Guides and Award Brochures."
resource_categories,Which category contains attachments?,"The main resource categories are Attachment, Careers, Transport and ICT. Some resources may also have subcategories such as Road Safety Guides and Award Brochures."
resource_categories,Where can I see all categories?,"The main resource categories are Attachment, Careers, Transport and ICT. Some resources may also have subcategories such as Road Safety Guides and Award Brochures."
resource_categories,What types of documents can I find?,"The main resource categories are Attachment, Careers, Transport and ICT. Some resources may also have subcategories such as Road Safety Guides and Award Brochures."
resource_categories,What sections does the resource database have?,"The main resource categories are Attachment, Careers, Transport and ICT. Some resources may also have subcategories such as Road Safety Guides and Award Brochures."
resource_categories,Are there different resource categories?,"The main resource categories are Attachment, Careers, Transport and ICT. Some resources may also have subcategories such as Road Safety Guides and Award Brochures."
resource_categories,How are resources organized?,"The main resource categories are Attachment, Careers, Transport and ICT. Some resources may also have subcategories such as Road Safety Guides and Award Brochures."
resource_categories,Where are the category filters?,"The main resource categories are Attachment, Careers, Transport and ICT. Some resources may also have subcategories such as Road Safety Guides and Award Brochures."
resource_categories,Tell me the available resource sections,"The main resource categories are Attachment, Careers, Transport and ICT. Some resources may also have subcategories such as Road Safety Guides and Award Brochures."
faq,Where can I find frequently asked questions?,Open the FAQ section to see answers to common questions about the website and its resources.
faq,Do you have an FAQ section?,Open the FAQ section to see answers to common questions about the website and its resources.
faq,What are the frequently asked questions?,Open the FAQ section to see answers to common questions about the website and its resources.
faq,How can I view FAQs?,Open the FAQ section to see answers to common questions about the website and its resources.
faq,Show me the FAQ,Open the FAQ section to see answers to common questions about the website and its resources.
faq,Where is the FAQ section?,Open the FAQ section to see answers to common questions about the website and its resources.
faq,Can I get answers to common questions?,Open the FAQ section to see answers to common questions about the website and its resources.
faq,What questions does the website answer?,Open the FAQ section to see answers to common questions about the website and its resources.
faq,I want to read the FAQs,Open the FAQ section to see answers to common questions about the website and its resources.
faq,Is there a frequently asked questions page?,Open the FAQ section to see answers to common questions about the website and its resources.
faq,Where are the common questions?,Open the FAQ section to see answers to common questions about the website and its resources.
faq,How do I access FAQs?,Open the FAQ section to see answers to common questions about the website and its resources.
faq,Can I see the website FAQs?,Open the FAQ section to see answers to common questions about the website and its resources.
faq,Show me frequently asked questions,Open the FAQ section to see answers to common questions about the website and its resources.
faq,Where can I find common answers?,Open the FAQ section to see answers to common questions about the website and its resources.
faq,Do you have answers to common questions?,Open the FAQ section to see answers to common questions about the website and its resources.
faq,Is there an FAQ page?,Open the FAQ section to see answers to common questions about the website and its resources.
faq,How can I read the FAQs?,Open the FAQ section to see answers to common questions about the website and its resources.
faq,Where are frequently asked questions located?,Open the FAQ section to see answers to common questions about the website and its resources.
faq,I need to check the FAQs,Open the FAQ section to see answers to common questions about the website and its resources.
faq,Can the FAQ answer my question?,Open the FAQ section to see answers to common questions about the website and its resources.
faq,Where can I find help through FAQs?,Open the FAQ section to see answers to common questions about the website and its resources.
faq,What information is in the FAQ?,Open the FAQ section to see answers to common questions about the website and its resources.
faq,Show the frequently asked questions,Open the FAQ section to see answers to common questions about the website and its resources.
faq,How do I open the FAQ section?,Open the FAQ section to see answers to common questions about the website and its resources.
help,I need help,"I can help you find resources, explain the categories, guide you through searching and downloading, or answer questions about careers, attachments, ICT and transport."
help,Help me use the website,"I can help you find resources, explain the categories, guide you through searching and downloading, or answer questions about careers, attachments, ICT and transport."
help,How do I use this website?,"I can help you find resources, explain the categories, guide you through searching and downloading, or answer questions about careers, attachments, ICT and transport."
help,I don't understand the website,"I can help you find resources, explain the categories, guide you through searching and downloading, or answer questions about careers, attachments, ICT and transport."
help,Can you guide me?,"I can help you find resources, explain the categories, guide you through searching and downloading, or answer questions about careers, attachments, ICT and transport."
help,I need assistance finding a resource,"I can help you find resources, explain the categories, guide you through searching and downloading, or answer questions about careers, attachments, ICT and transport."
help,How does the chatbot work?,"I can help you find resources, explain the categories, guide you through searching and downloading, or answer questions about careers, attachments, ICT and transport."
help,What can you help me with?,"I can help you find resources, explain the categories, guide you through searching and downloading, or answer questions about careers, attachments, ICT and transport."
help,Guide me through the website,"I can help you find resources, explain the categories, guide you through searching and downloading, or answer questions about careers, attachments, ICT and transport."
help,I am having trouble finding information,"I can help you find resources, explain the categories, guide you through searching and downloading, or answer questions about careers, attachments, ICT and transport."
help,Please help me,"I can help you find resources, explain the categories, guide you through searching and downloading, or answer questions about careers, attachments, ICT and transport."
help,Can you show me how to use the site?,"I can help you find resources, explain the categories, guide you through searching and downloading, or answer questions about careers, attachments, ICT and transport."
help,I need assistance,"I can help you find resources, explain the categories, guide you through searching and downloading, or answer questions about careers, attachments, ICT and transport."
help,I don't know where to start,"I can help you find resources, explain the categories, guide you through searching and downloading, or answer questions about careers, attachments, ICT and transport."
help,Help me find information,"I can help you find resources, explain the categories, guide you through searching and downloading, or answer questions about careers, attachments, ICT and transport."
help,Can you guide me to a resource?,"I can help you find resources, explain the categories, guide you through searching and downloading, or answer questions about careers, attachments, ICT and transport."
help,How can you assist me?,"I can help you find resources, explain the categories, guide you through searching and downloading, or answer questions about careers, attachments, ICT and transport."
help,I need help navigating the website,"I can help you find resources, explain the categories, guide you through searching and downloading, or answer questions about careers, attachments, ICT and transport."
help,What should I do first?,"I can help you find resources, explain the categories, guide you through searching and downloading, or answer questions about careers, attachments, ICT and transport."
help,Can you explain how the website works?,"I can help you find resources, explain the categories, guide you through searching and downloading, or answer questions about careers, attachments, ICT and transport."
help,Help me search for a document,"I can help you find resources, explain the categories, guide you through searching and downloading, or answer questions about careers, attachments, ICT and transport."
help,I need help finding a guide,"I can help you find resources, explain the categories, guide you through searching and downloading, or answer questions about careers, attachments, ICT and transport."
help,Can you help me use the resource database?,"I can help you find resources, explain the categories, guide you through searching and downloading, or answer questions about careers, attachments, ICT and transport."
help,I am confused about the website,"I can help you find resources, explain the categories, guide you through searching and downloading, or answer questions about careers, attachments, ICT and transport."
help,Please guide me,"I can help you find resources, explain the categories, guide you through searching and downloading, or answer questions about careers, attachments, ICT and transport."
thanks,Thank you,You're welcome! I'm happy to help.
thanks,Thanks,You're welcome! I'm happy to help.
thanks,Thank you very much,You're welcome! I'm happy to help.
thanks,Thanks for your help,You're welcome! I'm happy to help.
thanks,I appreciate your help,You're welcome! I'm happy to help.
thanks,That was helpful,You're welcome! I'm happy to help.
thanks,"Great, thank you",You're welcome! I'm happy to help.
thanks,Much appreciated,You're welcome! I'm happy to help.
thanks,Thanks chatbot,You're welcome! I'm happy to help.
thanks,Thank you for the information,You're welcome! I'm happy to help.
thanks,Thanks a lot,You're welcome! I'm happy to help.
thanks,I am grateful,You're welcome! I'm happy to help.
thanks,Thank you for helping me,You're welcome! I'm happy to help.
thanks,"That helps, thanks",You're welcome! I'm happy to help.
thanks,I appreciate it,You're welcome! I'm happy to help.
thanks,Thanks for the assistance,You're welcome! I'm happy to help.
thanks,Thank you chatbot,You're welcome! I'm happy to help.
thanks,"Great help, thank you",You're welcome! I'm happy to help.
thanks,Thanks for the guidance,You're welcome! I'm happy to help.
thanks,I am thankful,You're welcome! I'm happy to help.
thanks,"That was useful, thanks",You're welcome! I'm happy to help.
thanks,Thank you so much,You're welcome! I'm happy to help.
thanks,I really appreciate your help,You're welcome! I'm happy to help.
thanks,Thanks for answering,You're welcome! I'm happy to help.
thanks,Many thanks,You're welcome! I'm happy to help.
goodbye,Goodbye,Goodbye! Feel free to return whenever you need help with the MFANO BORA AFRICA LIMITED website.
goodbye,Bye,Goodbye! Feel free to return whenever you need help with the MFANO BORA AFRICA LIMITED website.
goodbye,See you later,Goodbye! Feel free to return whenever you need help with the MFANO BORA AFRICA LIMITED website.
goodbye,Talk to you later,Goodbye! Feel free to return whenever you need help with the MFANO BORA AFRICA LIMITED website.
goodbye,I am done,Goodbye! Feel free to return whenever you need help with the MFANO BORA AFRICA LIMITED website.
goodbye,That's all,Goodbye! Feel free to return whenever you need help with the MFANO BORA AFRICA LIMITED website.
goodbye,Have a good day,Goodbye! Feel free to return whenever you need help with the MFANO BORA AFRICA LIMITED website.
goodbye,I will come back later,Goodbye! Feel free to return whenever you need help with the MFANO BORA AFRICA LIMITED website.
goodbye,Bye chatbot,Goodbye! Feel free to return whenever you need help with the MFANO BORA AFRICA LIMITED website.
goodbye,See you next time,Goodbye! Feel free to return whenever you need help with the MFANO BORA AFRICA LIMITED website.
goodbye,Goodbye for now,Goodbye! Feel free to return whenever you need help with the MFANO BORA AFRICA LIMITED website.
goodbye,I have finished,Goodbye! Feel free to return whenever you need help with the MFANO BORA AFRICA LIMITED website.
goodbye,See you,Goodbye! Feel free to return whenever you need help with the MFANO BORA AFRICA LIMITED website.
goodbye,Talk to you soon,Goodbye! Feel free to return whenever you need help with the MFANO BORA AFRICA LIMITED website.
goodbye,Have a nice day,Goodbye! Feel free to return whenever you need help with the MFANO BORA AFRICA LIMITED website.
goodbye,I am leaving now,Goodbye! Feel free to return whenever you need help with the MFANO BORA AFRICA LIMITED website.
goodbye,"Thanks, goodbye",Goodbye! Feel free to return whenever you need help with the MFANO BORA AFRICA LIMITED website.
goodbye,Bye for now,Goodbye! Feel free to return whenever you need help with the MFANO BORA AFRICA LIMITED website.
goodbye,Until next time,Goodbye! Feel free to return whenever you need help with the MFANO BORA AFRICA LIMITED website.
goodbye,I am done with my questions,Goodbye! Feel free to return whenever you need help with the MFANO BORA AFRICA LIMITED website.
goodbye,See you again,Goodbye! Feel free to return whenever you need help with the MFANO BORA AFRICA LIMITED website.
goodbye,Have a great day,Goodbye! Feel free to return whenever you need help with the MFANO BORA AFRICA LIMITED website.
goodbye,I will return later,Goodbye! Feel free to return whenever you need help with the MFANO BORA AFRICA LIMITED website.
goodbye,Goodbye chatbot,Goodbye! Feel free to return whenever you need help with the MFANO BORA AFRICA LIMITED website.
goodbye,End the chat,Goodbye! Feel free to return whenever you need help with the MFANO BORA AFRICA LIMITED website.
fallback,Can you answer my question?,"I'm sorry, I didn't understand that question. Please ask about MFANO BORA AFRICA LIMITED, resources, careers, attachments, ICT, transport, downloads or website navigation."
fallback,I have another question,"I'm sorry, I didn't understand that question. Please ask about MFANO BORA AFRICA LIMITED, resources, careers, attachments, ICT, transport, downloads or website navigation."
fallback,I don't know what to ask,"I'm sorry, I didn't understand that question. Please ask about MFANO BORA AFRICA LIMITED, resources, careers, attachments, ICT, transport, downloads or website navigation."
fallback,Can you help with something else?,"I'm sorry, I didn't understand that question. Please ask about MFANO BORA AFRICA LIMITED, resources, careers, attachments, ICT, transport, downloads or website navigation."
fallback,My question is not listed,"I'm sorry, I didn't understand that question. Please ask about MFANO BORA AFRICA LIMITED, resources, careers, attachments, ICT, transport, downloads or website navigation."
fallback,I need information you did not mention,"I'm sorry, I didn't understand that question. Please ask about MFANO BORA AFRICA LIMITED, resources, careers, attachments, ICT, transport, downloads or website navigation."
fallback,I cannot find what I need,"I'm sorry, I didn't understand that question. Please ask about MFANO BORA AFRICA LIMITED, resources, careers, attachments, ICT, transport, downloads or website navigation."
fallback,That is not what I meant,"I'm sorry, I didn't understand that question. Please ask about MFANO BORA AFRICA LIMITED, resources, careers, attachments, ICT, transport, downloads or website navigation."
fallback,Can you understand me?,"I'm sorry, I didn't understand that question. Please ask about MFANO BORA AFRICA LIMITED, resources, careers, attachments, ICT, transport, downloads or website navigation."
fallback,I have a different question,"I'm sorry, I didn't understand that question. Please ask about MFANO BORA AFRICA LIMITED, resources, careers, attachments, ICT, transport, downloads or website navigation."
fallback,My question is different,"I'm sorry, I didn't understand that question. Please ask about MFANO BORA AFRICA LIMITED, resources, careers, attachments, ICT, transport, downloads or website navigation."
fallback,I need something else,"I'm sorry, I didn't understand that question. Please ask about MFANO BORA AFRICA LIMITED, resources, careers, attachments, ICT, transport, downloads or website navigation."
fallback,Can you help with another topic?,"I'm sorry, I didn't understand that question. Please ask about MFANO BORA AFRICA LIMITED, resources, careers, attachments, ICT, transport, downloads or website navigation."
fallback,I don't see my question here,"I'm sorry, I didn't understand that question. Please ask about MFANO BORA AFRICA LIMITED, resources, careers, attachments, ICT, transport, downloads or website navigation."
fallback,What if my question is not covered?,"I'm sorry, I didn't understand that question. Please ask about MFANO BORA AFRICA LIMITED, resources, careers, attachments, ICT, transport, downloads or website navigation."
fallback,I need more information,"I'm sorry, I didn't understand that question. Please ask about MFANO BORA AFRICA LIMITED, resources, careers, attachments, ICT, transport, downloads or website navigation."
fallback,Can you answer something else?,"I'm sorry, I didn't understand that question. Please ask about MFANO BORA AFRICA LIMITED, resources, careers, attachments, ICT, transport, downloads or website navigation."
fallback,I am looking for different information,"I'm sorry, I didn't understand that question. Please ask about MFANO BORA AFRICA LIMITED, resources, careers, attachments, ICT, transport, downloads or website navigation."
fallback,That did not answer my question,"I'm sorry, I didn't understand that question. Please ask about MFANO BORA AFRICA LIMITED, resources, careers, attachments, ICT, transport, downloads or website navigation."
fallback,Can you help me with a different issue?,"I'm sorry, I didn't understand that question. Please ask about MFANO BORA AFRICA LIMITED, resources, careers, attachments, ICT, transport, downloads or website navigation."
fallback,I have another thing to ask,"I'm sorry, I didn't understand that question. Please ask about MFANO BORA AFRICA LIMITED, resources, careers, attachments, ICT, transport, downloads or website navigation."
fallback,My question is not about those topics,"I'm sorry, I didn't understand that question. Please ask about MFANO BORA AFRICA LIMITED, resources, careers, attachments, ICT, transport, downloads or website navigation."
fallback,Can you help with my specific question?,"I'm sorry, I didn't understand that question. Please ask about MFANO BORA AFRICA LIMITED, resources, careers, attachments, ICT, transport, downloads or website navigation."
fallback,I need an answer to another question,"I'm sorry, I didn't understand that question. Please ask about MFANO BORA AFRICA LIMITED, resources, careers, attachments, ICT, transport, downloads or website navigation."
fallback,What if you don't understand my question?,"I'm sorry, I didn't understand that question. Please ask about MFANO BORA AFRICA LIMITED, resources, careers, attachments, ICT, transport, downloads or website navigation."
